1,2,Christine Escobar,469.974.0730x2822,711-52-4206,7142
2,29,Derrick Moore,6558655245,363-34-7605,13292
3,9,Shawn Moore,161.123.2489x237,022-97-0030,9287
4,3,Larry Medina,576.605.1838x0930,723-44-0012,25224
5,26,Emily Lewis,001-464-830-6999,310-44-0575,17348
6,24,Aaron Lopez,388-550-4525x90952,706-72-5771,24869
7,17,Michael Davis,001-439-163-6962,466-88-2759,19847
8,29,Jasmine Glover,(506)232-1663,240-34-0031,17191
9,20,Edward Lane,374.255.3961x742,384-06-0747,7686
10,23,Russell Pace,001-937-014-1066x006,844-19-3533,25570
11,8,Roger Wood,229.810.7667,137-75-6828,6637
12,2,Julie Johnson,001-195-928-4315x39618,868-77-8981,17784
13,10,Amber Guzman,953-687-6582,366-79-3631,11631
14,13,Laurie Miller,827.349.4530x379,281-54-3645,23329
15,25,Jason Jones,(841)193-3095x987,167-12-2914,21764
16,23,Angela Diaz,1061680312,380-44-3252,5797
17,3,Annette Gonzalez,696.131.1024x90083,422-06-1645,5148
18,13,Robert Farley,816.232.7268,388-76-4756,28656
19,7,Andrew Murphy,903.628.7510,049-07-8185,11667
20,24,Brandon Reyes,+1-146-645-4509,366-46-9359,12460
21,30,Robert Gutierrez,986.556.4050x513,149-87-0151,29177
22,24,Jessica Farrell,(912)755-3361,251-19-1910,15505
23,29,Roger Lane,829.562.2039x91784,871-29-6682,14869
24,8,Stuart Thornton,7060596575,268-85-9991,5061
25,17,Terry Coleman,(285)435-0356x7115,261-30-0373,27931
26,30,Robert Foster,001-599-538-0095,474-74-5840,13194
27,4,Gary Smith,0367878637,362-79-3354,26760
28,23,Denise Johnson DDS,337.749.8565,045-39-9359,19148
29,1,David Ramirez,(670)927-8854x965,126-28-7817,26649
30,12,Kristina Tate,211-638-1994,644-08-2824,11854
31,26,Steven Perez,5516536454,895-05-9724,13885
32,18,David Adams,714-304-3185x78282,223-32-2991,25307
33,19,Steven Greene,(999)545-3326,456-69-9270,13771
34,21,Tonya Miller,001-423-926-0333x66217,265-69-1987,10478
35,16,Renee Johnston,296-747-3377x29281,009-83-8176,7482
36,4,Michael Shah,987-586-4226,535-97-5111,19705
37,20,Bradley Harris,+1-213-781-4967x44326,465-26-5185,26135
38,29,Aaron Hammond,4759140349,528-35-9788,21681
39,4,Dakota Campos,139-750-1997x41370,420-79-3910,7872
40,24,Elizabeth Mayer,+1-787-499-1568x16956,105-44-1015,5171
41,26,Ernest Ochoa,(653)728-8475x61986,289-69-2252,12783
42,5,Jennifer Gallagher,185-460-5696x5223,424-80-0771,7912
43,18,Timothy Stevens,(371)297-5163x7520,812-61-7057,13769
44,8,Tiffany Levine,+1-872-873-2943x6153,467-78-5387,23296
45,24,Jane Rodriguez,(160)446-6017x575,368-98-0371,24613
46,16,Abigail Wilson,(842)164-1918x970,889-51-8456,24889
47,12,Mary Campbell,(454)852-4728x8982,303-71-6997,21617
48,11,Stephanie Allen,+1-804-518-5438x86417,167-85-0309,16368
49,23,Dawn Johnson,(413)337-0655x8072,331-45-2175,12881
50,14,Heather Palmer,(390)392-1171,879-71-5534,26561
51,23,Patricia Horton,0157990203,729-38-9936,12630
52,27,David Morales,(653)399-0865,314-49-6878,17552
53,15,Justin Santiago,767-769-2041,574-95-9236,16018
54,28,Shelley Brennan,001-583-420-2618x86451,473-44-2364,17390
55,7,Laura Avila,974-139-4608x975,181-61-2792,28894
56,29,Gary Dennis,+1-483-747-8394x7139,552-95-2421,8975
57,29,Holly Lee,378.931.6766x6047,407-31-7896,16888
58,20,Tyrone Reyes,236-660-0362x98026,653-41-3387,15899
59,27,Taylor Ware,(828)922-9977x31622,350-35-7839,14960
60,26,Brittany Atkinson,087.585.7023x494,776-58-2562,29137
61,6,Frank Wright,970.509.8333x3831,437-69-1014,12634
62,29,Gina Lopez,722-693-6136,452-05-4683,8720
63,25,Joan Chavez,(199)498-7138,851-03-0327,5792
64,9,Kelly Henry,+1-570-077-0536,311-26-2467,14709
65,17,Martin Ochoa,512.364.7342,031-11-5716,12767
66,21,David Rosario,018.690.9531x96619,556-82-1643,5090
67,15,Jason Skinner,001-193-785-3759,575-90-4799,8957
68,25,Joseph Ware,001-890-151-5630,193-22-8418,5619
69,25,Joshua Weaver,+1-658-112-3911x128,780-75-9821,24554
70,21,Heather White,483-084-1507,380-16-7286,20296
71,3,Mary Lewis,746.628.4799x3410,627-03-7667,13507
72,5,Paul Schneider,001-177-765-6133x4594,320-80-5989,29634
73,24,Alex Morris,708.405.2246,703-19-9062,25452
74,6,Terry Burnett,001-433-068-5999,683-62-0090,15620
75,28,Erin Harris,8656025481,573-60-8488,29194
76,3,Andrea Gill,(390)051-9586,660-15-9611,13800
77,25,Douglas Edwards,071-474-6141x7331,081-20-5452,8239
78,3,Melinda Moran,(828)951-1545,323-16-4828,25966
79,6,Ellen Ford,181.523.6736,153-84-8373,7027
80,16,Ricky Perez,575.082.3610x7078,721-72-8488,9891
81,25,Joshua Harper,132.908.5311,621-32-5634,8310
82,30,Ryan Benton,630-676-6581,263-04-1951,18683
83,19,Lisa Carter,001-516-107-6277x726,236-58-9899,25980
84,9,David Mitchell,+1-844-613-9152,882-14-4606,25861
85,30,Gregory Freeman,+1-183-745-3912,016-94-9797,25356
86,10,Christopher Brown,954-243-6879,850-16-8603,16036
87,27,Amber Meadows,5785347296,593-50-5574,21213
88,21,Brian Coleman,001-008-199-7289,315-59-6119,29213
89,21,Destiny Edwards,+1-667-581-8165x728,129-65-5504,10144
90,27,Stephanie Cooper,001-558-804-8227x102,338-76-6294,9441
91,3,Desiree Garcia,(648)408-6336x491,505-51-6764,20893
92,25,Krystal Adams,562-406-7581x716,219-70-8937,28964
93,22,Kristen Butler,(668)555-7321,621-94-8290,29766
94,13,Christopher Rodriguez,(097)599-9005x930,556-55-1912,16259
95,10,Ashlee Perez,+1-817-266-5815x0854,504-93-1228,27805
96,20,Candice Davis,909.009.7291x99551,754-12-0068,20055
97,14,Melissa Harper,523.314.8390x364,015-59-4223,13680
98,5,Brian Mclean,001-959-791-1434x66413,126-11-4351,16674
99,2,Dana Miller,(337)358-7110x88337,659-55-9051,12602
100,1,Leah Jennings,492.987.9944x6255,558-97-2111,20044
101,21,Jamie Dean,688-388-1693,175-85-7873,24814
102,9,James Steele,+1-062-711-1430x59885,785-21-1927,21906
103,7,Michael Jimenez,+1-929-196-3227x26391,749-80-7895,7818
104,3,Sonya Wagner,459.434.7690x9455,149-66-9271,17141
105,29,James Chavez,001-959-655-9932x3839,500-53-1110,16057
106,22,Patricia Martinez,801-165-6643x31650,153-76-5196,27110
107,18,Michelle Berger,001-636-016-6050,067-68-8101,20315
108,1,Eric Gonzalez,001-728-609-7790x3035,875-89-4498,28943
109,19,Christine Morgan,+1-217-448-1736x217,815-01-1334,22724
110,29,Sara Johnston,+1-167-015-8223x00975,567-01-8006,23364
111,29,Janet Ferguson,001-861-411-1375x5102,740-54-9938,28200
112,21,Samantha Bruce,232-870-8834,897-37-3156,14518
113,29,Barbara Alexander,124-617-1113,488-17-9391,27758
114,11,Jenna Durham,001-425-416-8079x470,265-68-4769,12513
115,23,James Bowman,(864)384-0431x996,258-62-2651,28045
116,29,Robert Haynes,001-480-647-6619x60504,652-95-1492,16478
117,15,Jeffrey Hanson,+1-967-332-0816,045-44-6863,12150
118,28,Mackenzie Taylor,2340644107,569-57-0802,7651
119,6,Deborah Sanchez,484-698-9638,064-33-7743,5787
120,30,Christopher Simmons,(065)416-1250,638-38-7645,9486
121,25,Perry Berry,292.384.4088x40893,357-23-1702,14520
122,10,Michael Smith,266.354.2943,466-87-0898,18349
123,26,Victoria Hughes,(689)067-8024,350-66-5362,12576
124,23,Jennifer Evans,001-827-457-5796x144,487-43-9675,26166
125,27,Miranda Gibson,103-755-4888x394,170-47-6221,14682
126,19,Robert Diaz,7855257949,538-23-7308,23509
127,11,Taylor Wheeler,3581813908,325-72-5094,16189
128,11,Gregory Gibbs,(759)837-6652,024-48-3253,20202
129,23,Andrew Moore,(691)513-9942x76384,149-54-1760,21744
130,10,John Glenn,(315)762-5221x1025,242-77-2494,21270
131,18,Amber Weaver,(951)464-1203x224,079-70-8459,5215
132,16,William Eaton,460-556-4057x172,825-65-7323,17086
133,16,Carolyn Parsons,273-307-1377,411-41-4096,11961
134,11,Nicole Manning,0980519169,837-49-3789,14927
135,21,Jacob Bryant,+1-726-692-2968x7413,712-53-8588,28384
136,16,Steve Prince,001-596-502-9571x158,587-67-6152,8727
137,19,Jacob Price,001-413-874-2055x34092,660-96-3149,19468
138,21,Debra Scott,137.419.5480,062-72-7364,8391
139,23,Tiffany Gardner,+1-346-474-9865x548,694-11-5392,17323
140,20,Reginald Hill,+1-300-786-0489x2043,669-41-9064,10800
141,9,Carl Rodriguez MD,014.065.8377x470,475-26-0631,25604
142,28,Jeremy Cobb,+1-268-391-1135,167-14-4903,15758
143,6,Samuel Hurst,001-697-897-7762,895-72-6019,26239
144,18,Jason Fuller,475.389.2057,316-79-2640,20673
145,13,Ashley Gibson,001-106-948-1881,037-34-9600,11727
146,6,Juan Hubbard,016-846-7468x47893,550-85-1636,28417
147,8,Pamela Walls,967.128.1850,561-75-8836,6899
148,12,Nicole Greene,(346)184-1260x97138,205-09-8304,15836
149,23,Lindsey Moore,(656)115-1904x47553,307-78-4029,20076
150,28,Michael Bryan,013-390-5696,747-72-0777,11141
